{"cameraMode":{"drawMode":0,"name":"Shaded","section":"Shading Mode"},"sceneLighting":true,"audioPlay":false,"sceneViewState":{"showFog":true,"showMaterialUpdate":true,"showSkybox":true,"showFlares":true,"showImageEffects":true,"showParticleSystems":true},"in2DMode":false,"pivot":{"x":-623.8599853515625,"y":784.990966796875,"z":1182.0184326171875},"rotation":{"x":0.02775537222623825,"y":0.8455421328544617,"z":0.04416704550385475,"w":-0.5313543081283569},"size":35.915367126464847,"orthographic":false}